<?xml version="1.0" encoding="utf-8"?>
<edmx:Edmx Version="1.0" xmlns:edmx="http://schemas.microsoft.com/ado/2007/06/edmx" xmlns:m="http://schemas.microsoft.com/ado/2007/08/dataservices/metadata" xmlns:sap="http://www.sap.com/Protocols/SAPData">
    <edmx:DataServices m:DataServiceVersion="2.0">
        <Schema Namespace="ZBA_MMT100_SRV" xml:lang="en" sap:schema-version="1" xmlns="http://schemas.microsoft.com/ado/2008/09/edm">
            <EntityType Name="ZBA_MMT100" sap:content-version="1">
                <Key>
                    <PropertyRef Name="EBELN"/>
                </Key>
                <Property Name="EBELN" Type="Edm.String" Nullable="false" MaxLength="8" sap:unicode="false" sap:label="구매 오더 번호" sap:creatable="false" sap:updatable="false" sap:sortable="false" sap:filterable="false"/>
                <Property Name="APPNO" Type="Edm.String" Nullable="false" MaxLength="8" sap:unicode="false" sap:label="구매 결재 번호" sap:creatable="false" sap:updatable="false" sap:sortable="false" sap:filterable="false"/>
                <Property Name="VENNR" Type="Edm.String" Nullable="false" MaxLength="6" sap:unicode="false" sap:label="벤더번호" sap:creatable="false" sap:updatable="false" sap:sortable="false" sap:filterable="false"/>
                <Property Name="VENNM" Type="Edm.String" Nullable="false" MaxLength="10" sap:unicode="false" sap:label="벤더명" sap:creatable="false" sap:updatable="false" sap:sortable="false" sap:filterable="false"/>
                <Property Name="MATNR" Type="Edm.String" Nullable="false" MaxLength="6" sap:unicode="false" sap:label="자재번호" sap:creatable="false" sap:updatable="false" sap:sortable="false" sap:filterable="false"/>
                <Property Name="MATNM" Type="Edm.String" Nullable="false" MaxLength="25" sap:unicode="false" sap:label="자재명" sap:creatable="false" sap:updatable="false" sap:sortable="false" sap:filterable="false"/>
                <Property Name="QUANT" Type="Edm.Decimal" Nullable="false" Precision="13" Scale="0" sap:unicode="false" sap:unit="MEINS" sap:label="총 재고량" sap:creatable="false" sap:updatable="false" sap:sortable="false" sap:filterable="false"/>
                <Property Name="MEINS" Type="Edm.String" Nullable="false" MaxLength="3" sap:unicode="false" sap:label="Base Unit" sap:creatable="false" sap:updatable="false" sap:sortable="false" sap:filterable="false" sap:semantics="unit-of-measure"/>
                <Property Name="NETPR" Type="Edm.Decimal" Nullable="false" Precision="12" Scale="3" sap:unicode="false" sap:unit="WAERS" sap:label="판매단가" sap:creatable="false" sap:updatable="false" sap:sortable="false" sap:filterable="false"/>
                <Property Name="WAERS" Type="Edm.String" Nullable="false" MaxLength="5" sap:unicode="false" sap:label="Currency" sap:creatable="false" sap:updatable="false" sap:sortable="false" sap:filterable="false" sap:semantics="currency-code"/>
                <Property Name="TOAMT" Type="Edm.Decimal" Nullable="false" Precision="21" Scale="3" sap:unicode="false" sap:unit="WAERS" sap:label="총비용" sap:creatable="false" sap:updatable="false" sap:sortable="false" sap:filterable="false"/>
                <Property Name="POITNO" Type="Edm.String" Nullable="false" MaxLength="10" sap:unicode="false" sap:label="구매 오더 일자" sap:creatable="false" sap:updatable="false" sap:sortable="false" sap:filterable="false"/>
                <Property Name="DDATE" Type="Edm.String" Nullable="false" MaxLength="10" sap:unicode="false" sap:label="입고 예정일" sap:creatable="false" sap:updatable="false" sap:sortable="false" sap:filterable="false"/>
                <Property Name="INDAT" Type="Edm.String" Nullable="false" MaxLength="10" sap:unicode="false" sap:label="입고일" sap:creatable="false" sap:updatable="false" sap:sortable="false" sap:filterable="false"/>
                <Property Name="PERNR" Type="Edm.String" Nullable="false" MaxLength="6" sap:unicode="false" sap:label="사원번호" sap:creatable="false" sap:updatable="false" sap:sortable="false" sap:filterable="false"/>
                <Property Name="BWART" Type="Edm.String" Nullable="false" MaxLength="3" sap:unicode="false" sap:label="이동유형" sap:creatable="false" sap:updatable="false" sap:sortable="false" sap:filterable="false"/>
            </EntityType>
            <EntityContainer Name="ZBA_MMT100_SRV_Entities" m:IsDefaultEntityContainer="true" sap:supported-formats="atom json xlsx">
                <EntitySet Name="ZBA_MMT100Set" EntityType="ZBA_MMT100_SRV.ZBA_MMT100" sap:creatable="false" sap:updatable="false" sap:deletable="false" sap:pageable="false" sap:content-version="1"/>
            </EntityContainer>
            <atom:link rel="self" href="http://sapmento.mento.co.kr:8001/sap/opu/odata/sap/ZBA_MMT100_SRV/$metadata" xmlns:atom="http://www.w3.org/2005/Atom"/>
            <atom:link rel="latest-version" href="http://sapmento.mento.co.kr:8001/sap/opu/odata/sap/ZBA_MMT100_SRV/$metadata" xmlns:atom="http://www.w3.org/2005/Atom"/>
        </Schema>
    </edmx:DataServices>
</edmx:Edmx>